Food Item,Category,Diet Type,State,Serving Size,Calories (kcal),Protein (g),Carbohydrates (g),Fats (g),Fiber (g),Key Nutrients
24 Mantra Organic Atta,Staples,Veg,Uncooked,100g,360,12,74,1.5,11,Organic
5 Star,Sweets,Veg,Ready to Eat,25g,120,1,18,5,0,Caramel
7Up,Beverage,Veg,Ready to Eat,250ml,110,0,28,0,0,Sugar
7Up Free,Beverage,Veg,Ready to Eat,250ml,0,0,0,0,0,Caffeine
Aam Panna,Beverage,Veg,Cooked,1 glass,100,0,25,0,1,Heat Stroke
Aashirvaad Whole Wheat Atta,Staples,Veg,Uncooked,100g,360,12,75,1.5,11,Iron
Act II Popcorn Butter,Snacks,Veg,Uncooked,30g,150,3,15,8,3,Fiber
Adai,Breakfast,Veg,Cooked,1 medium,250,10,38,8,5,Multi Lentil
Afghani Chicken,Main Course,Non-Veg,Cooked,2 pieces,360,28,5,25,0.5,"Cream, Cashew"
Ajwain Paratha,Breads,Veg,Cooked,1 piece,200,3,25,10,2,Digestion
Akki Roti,Breads,Veg,Cooked,1 piece,180,4,30,5,2,Rice Flour
Almonds,Nuts,Veg,Uncooked,10 pcs,70,2.5,2.5,6,1.5,Vit E
Aloo Baingan,Main,Veg,Cooked,1 serving,170,3,22,8,5,Home Style
Aloo Bonda,Snack,Veg,Cooked,2 pieces,250,4,30,14,3,South Indian
Aloo Gobi,Main,Veg,Cooked,1 serving,180,4,25,8,4,Classic
Aloo Matar,Main,Veg,Cooked,1 serving,190,5,28,7,5,Winter
Aloo Methi,Side,Veg,Cooked,1 bowl (150g),200,4,26,9,4.5,"Iron, Carbs"
Aloo Palak,Side,Veg,Cooked,1 bowl (150g),190,5,22,9,5,"Iron, Vitamin K"
Aloo Paratha,Breads,Veg,Cooked,1 piece,260,5,35,11,4,Comfort Food
Aloo Tikki,Snack,Veg,Cooked,2 pieces,280,4,30,16,3,Potato Cutlet
Alpino Muesli,Breakfast,Veg,Ready to Eat,50g,200,6,35,5,4,Nuts
Alpino Peanut Butter,Health,Vegan,Ready to Eat,32g,190,10,7,15,2,Healthy Fats
Amaranth (Rajgira),Grains,Veg,Raw,100g,371,14,65,7,7,"Calcium, Protein"
Amaranth Leaves (Cholai),Vegetables,Veg,Raw,100g,23,2.5,4,0.3,2.5,Calcium
American Chopsuey,Main Course,Veg,Cooked,1 plate,480,10,68,18,4,Crispy Noodles
Amla (Indian Gooseberry),Fruits,Veg,Uncooked,100g,44,0.9,10,0.6,4.3,Immunity
Amritsari Kulcha,Breads,Veg,Cooked,1 piece,300,8,45,10,3,Stuffed
Amti,Main,Veg,Cooked,1 bowl,170,7,22,5,4,Maharashtrian
Amul Butter,Dairy,Veg,Ready to Eat,10g,72,0,0,8,0,Vitamin A
Amul Buttermilk,Beverage,Veg,Ready to Eat,200ml,30,2,3,1.5,0,Probiotics
Amul Cheese Slice,Dairy,Veg,Ready to Eat,20g,62,4,1,5,0,Calcium
Amul Chocobar,Ice Cream,Veg,Ready to Eat,50g,150,2,15,9,0,Sugar
Amul Dark Chocolate,Sweets,Veg,Ready to Eat,20g,110,1,10,7,1,Cocoa
Amul Ghee,Staples,Veg,Uncooked,15g,135,0,0,15,0,Saturated Fat
Amul Gold Milk,Dairy,Veg,Ready to Eat,200ml,160,7,10,9,0,Vitamin A
Amul Kool Cafe,Beverage,Veg,Ready to Eat,200ml,180,6,24,7,0,Caffeine
Amul Lassi,Beverage,Veg,Ready to Eat,200ml,140,4,20,5,0,Calcium
Amul Malai Paneer,Dairy,Veg,Uncooked,100g,289,18,2,23,0,Protein
Amul Masti Dahi,Dairy,Veg,Ready to Eat,100g,60,3.5,4.5,3,0,Probiotics
Amul Pizza Cheese,Dairy,Veg,Ready to Eat,100g,300,20,2,24,0,Mozzarella
Amul Pro Whey Protein,Health,Veg,Uncooked,30g,115,20,5,2,0,Protein
Amul Shrikhand,Dairy,Veg,Ready to Eat,100g,270,6,38,10,0,Sugar
Amul Sugar Free Chocolate,Sweets,Veg,Ready to Eat,20g,100,1,8,7,1,Maltitol
Amul Taaza Milk,Dairy,Veg,Ready to Eat,200ml,120,6,10,6,0,Calcium
Anik Ghee,Staples,Veg,Uncooked,15g,135,0,0,15,0,Saturated Fat
Annapurna Atta,Staples,Veg,Uncooked,100g,360,11,74,1.5,11,Wheat
Appam,Breakfast,Veg,Cooked,2 pieces,180,3,35,4,1,Coconut Milk
Apple,Fruits,Veg,Uncooked,1 medium,95,0.5,25,0.3,4.4,Pectin
Appy Fizz,Beverage,Veg,Ready to Eat,200ml,110,0,28,0,0,Apple
Apricot (Dry),Nuts,Veg,Uncooked,1 piece,20,0.3,4,0.1,0.5,Vit A
Apricot (Fresh),Fruits,Veg,Uncooked,1 medium,17,0.5,4,0.1,0.7,Vit A
Arbi (Colocasia) Masala,Side,Veg,Cooked,1 bowl (150g),260,4,42,9,5,"High Carb, Energy"
Arhar Dal (Plain),Dal,Veg,Cooked,1 bowl (150g),180,9,26,4,6,"Folate, Protein"
Arrowroot Powder,Grains,Veg,Raw,100g,357,0.3,88,0.1,3.4,Digestion
Ash Gourd (Petha),Vegetables,Veg,Raw,100g,13,0.4,3,0.1,0.5,Detox
Atta Laddu,Sweet,Veg,Cooked,1 piece,220,4,28,12,2,Wheat
Avial,Main,Veg,Cooked,1 serving,220,5,20,12,6,Kerala Mix
Aviyal,Main Course,Veg,Cooked,1 bowl (200g),240,5,22,14,6,"Coconut, Mixed Veg"
B Fizz,Beverage,Veg,Ready to Eat,200ml,100,0,25,0,0,Malt
Baby Corn,Vegetables,Veg,Raw,100g,26,2,5,0.3,2,Fiber
Badam Milk,Beverage,Veg,Cooked,1 glass,220,8,25,10,1,Almond
Bagrrys Corn Flakes,Breakfast,Veg,Ready to Eat,30g,110,2,25,0.5,1,Corn
Bagrrys Muesli Crunchy,Breakfast,Veg,Ready to Eat,50g,195,5,38,4,3,Oats
Bagrrys White Oats,Staples,Veg,Uncooked,100g,385,13,65,7,10,Oats
Baingan Bharta,Main,Veg,Cooked,1 serving,140,3,12,8,5,Smoky
Bajra (Pearl Millet),Grains,Veg,Raw,100g,361,12,67,5,1,"Iron, Magnesium"
Bajra Khichdi,Rice,Veg,Cooked,1 bowl,200,8,35,4,6,Fiber
Bajra Roti,Breads,Veg,Cooked,1 piece,120,4,22,2,4,Gluten Free
Bakarkhani,Breads,Veg,Cooked,1 piece,320,6,40,16,1,Crispy
Bakery Biscuit (Jeera),Snack,Veg,Cooked,1 piece,50,0.5,6,2.5,0,Salty
Balaji Masala Wafers,Snacks,Veg,Ready to Eat,30g,160,2,16,10,1,Sodium
Balaji Wafers Salted,Snacks,Veg,Ready to Eat,30g,160,2,15,10,1,Sodium
Balushahi,Sweet,Veg,Cooked,1 piece,250,2,35,12,0,Donut
Bambino Macaroni,Staples,Veg,Uncooked,100g,360,12,74,1,2,Durum Wheat
Bambino Roasted Sooji,Staples,Veg,Uncooked,100g,360,10,72,1,3,Semolina
Bambino Vermicelli,Staples,Veg,Uncooked,100g,350,10,75,1,3,Energy
Bambino Wheat Vermicelli,Staples,Veg,Uncooked,100g,340,11,72,1.5,4,Wheat
Banana,Fruits,Veg,Uncooked,1 medium,105,1.3,27,0.4,3.1,Potassium
Banana Chips,Snack,Veg,Cooked,1 serving,160,1,18,10,2,Kerala
Banana Flower,Vegetables,Veg,Raw,100g,51,1.6,10,0.6,5.7,Iron
Barfi (Plain),Sweet,Veg,Cooked,2 pieces,260,6,34,11,0,Fudge
Barley (Jau),Grains,Veg,Raw,100g,354,12,73,2,17,Beta-glucan
Barnyard Millet (Sanwa),Grains,Veg,Raw,100g,307,6,65,2,9,Fiber
Basmati Rice,Grains,Veg,Raw,100g,345,6.5,78,0.5,1,Carbs
Basundi,Sweet,Veg,Cooked,1 bowl,300,8,35,15,0,Sweetened Milk
Beans Aloo,Side,Veg,Cooked,1 bowl (150g),190,4,24,8,5,"Fiber, Vitamins"
Bedmi Poori,Bread,Veg,Cooked,2 pieces,340,8,38,18,3,Lentil Stuffed
Beetroot,Vegetables,Veg,Uncooked,1 medium,43,1.6,10,0.2,2.8,"Iron, Folate"
Bengali Fish Curry (Rui),Main,Non-Veg,Cooked,1 serving,260,22,6,16,1,Mustard
Besan (Chickpea Flour),Grains,Veg,Raw,100g,387,22,58,7,10,"Protein, Folate"
Besan Chilla,Breakfast,Veg,Cooked,2 medium,260,14,32,8,6,"Protein, Fiber"
Besan Laddu,Sweet,Veg,Cooked,1 piece,180,4,22,10,1,Gram Flour
Bharwa Shimla Mirch,Main,Veg,Cooked,1 serving,200,5,20,10,3,Stuffed Capsicum
Bharwan Baingan,Side,Veg,Cooked,2 pieces (150g),220,3,16,15,5,"Spicy, Oil"
Bharwan Karela,Side,Veg,Cooked,2 pieces (120g),240,4,18,16,4,"Bitter, Healthy"
Bhatura,Breads,Veg,Cooked,1 piece,280,6,40,12,1,Deep Fried
Bhel Puri,Snack,Veg,Uncooked,1 serving,250,6,45,8,4,Puffed Rice
Bhindi Fry (Crispy),Main,Veg,Cooked,1 serving,220,4,18,15,4,Fried
Bhindi Masala,Main,Veg,Cooked,1 serving,180,4,15,10,4,Okra
Bhuna Gosht,Main Course,Non-Veg,Cooked,1 bowl (200g),480,28,6,38,1,"Protein, Rich Flavor"
Bikaji Bhujia,Snacks,Veg,Ready to Eat,30g,180,3,11,15,1,Fats
Bikanerwala Rasmalai,Sweets,Veg,Ready to Eat,1pc,140,4,20,5,0,Sugar
Bisi Bele Bath,Rice,Veg,Cooked,1 bowl,300,10,45,10,5,Complete Meal
Bisleri Water,Beverage,Veg,Ready to Eat,500ml,0,0,0,0,0,Hydration
Bitter Gourd (Karela),Vegetables,Veg,Raw,100g,17,1,3.7,0.1,2.8,Blood Sugar
Black Rice,Grains,Veg,Raw,100g,340,9,72,3,5,Anthocyanin
Boiled Egg,Snack,Non-Veg,Cooked,1 large,78,6,0.6,5,0,Protein
Bolega Toh Aur Add Kar Dunga,Bot,Veg,Ready to Eat,0g,0,0,0,0,0,Humor
Boondi Laddu,Sweet,Veg,Cooked,1 piece,200,2,30,10,0,Sweet Drops
Boost Powder,Beverage Mix,Veg,Uncooked,20g,80,1.5,17,0.5,0.5,Energy
Bottle Gourd (Lauki),Vegetables,Veg,Raw,100g,15,0.6,3.4,0.1,0.5,Hydration
Bourbon Biscuit,Snacks,Veg,Ready to Eat,25g,120,1,17,5,0,Sugar
Bournvita Powder,Beverage Mix,Veg,Uncooked,20g,78,1,17,0.5,0.5,Vitamin D
Bread Pakora,Snack,Veg,Cooked,1 piece,300,8,30,18,2,Stuffed
Brinjal (Eggplant),Vegetables,Veg,Raw,100g,25,1,6,0.2,3,Nasunin
Britannia 50-50,Snacks,Veg,Ready to Eat,30g,145,2,20,6,0,Salt
Britannia Cheese Cube,Dairy,Veg,Ready to Eat,25g,75,5,1,6,0,Calcium
Britannia Good Day Cashew,Snacks,Veg,Ready to Eat,50g,250,4,32,12,1,Cashews
Britannia Little Hearts,Snacks,Veg,Ready to Eat,30g,140,2,19,6,0,Sugar
Britannia Marie Gold,Snacks,Veg,Ready to Eat,25g,105,2,19,3,1,Light
Britannia Winkin Cow Shake,Beverage,Veg,Ready to Eat,200ml,160,5,22,6,0,Calcium
Broad Beans (Sem),Vegetables,Veg,Raw,100g,48,4.2,8,0.4,3.5,Protein
Broccoli,Vegetables,Veg,Raw,100g,34,2.8,7,0.4,2.6,Sulforaphane
Broken Wheat (Dalia),Grains,Veg,Raw,100g,340,11,71,1.5,10,Fiber
Brown Rice,Grains,Veg,Raw,100g,360,7.5,76,3,3.5,"Magnesium, Fiber"
Bru Instant Coffee,Beverage Mix,Veg,Uncooked,2g,5,0.5,1,0,0,Caffeine
Buckwheat (Kuttu),Grains,Veg,Raw,100g,343,13,71,3,10,Magnesium
Butter,Fats,Veg,Raw,1 tbsp,102,0.1,0,11.5,0,Fat
Butter Chicken,Main,Non-Veg,Cooked,1 serving,450,28,15,30,2,Rich Creamy
Butter Naan,Breads,Veg,Cooked,1 piece,240,6,35,8,1,Refined Wheat
Buttermilk (Chaas),Beverage,Veg,Uncooked,1 glass,45,2,4,2,0,Cooling
Cabbage,Vegetables,Veg,Raw,100g,25,1.3,6,0.1,2.5,Vitamin C
Cabbage Sabzi (Patta Gobi),Side,Veg,Cooked,1 bowl (150g),130,3,16,6,5,"Vitamin C, Fiber"
Cabbage Sabzi (Thorana),Main,Veg,Cooked,1 serving,130,3,15,6,4,Coconut
Cadbury Dairy Milk,Sweets,Veg,Ready to Eat,25g,130,2,15,7,0,Sugar
Cadbury Gems,Sweets,Veg,Ready to Eat,20g,95,1,14,4,0,Sugar
Cadbury Hot Chocolate,Beverage Mix,Veg,Uncooked,20g,80,1,16,2,0,Cocoa
Capsicum (Green),Vegetables,Veg,Uncooked,1 medium,24,1.3,5.5,0.2,2,Vitamin C
Capsicum (Red),Vegetables,Veg,Uncooked,1 medium,31,1,6,0.3,2.1,Antioxidants
Carrot (Red/Orange),Vegetables,Veg,Uncooked,1 medium,41,0.9,10,0.2,2.8,Vitamin A
Cashews,Nuts,Veg,Uncooked,10 pcs,100,3,6,8,0.5,Magnesium
Cauliflower,Vegetables,Veg,Raw,100g,25,1.9,5,0.3,2,Choline
Cauliflower Sabzi,Main,Veg,Cooked,1 serving,140,4,12,8,3,Simple
CavinKins Milkshake,Beverage,Veg,Ready to Eat,200ml,170,6,24,6,0,Calcium
Chaas (Buttermilk),Beverage,Veg,Cooked,1 glass (250ml),60,4,5,2.5,0,"Probiotics, Hydration"
Chakli/Murukku,Snack,Veg,Cooked,2 pieces,150,2,18,8,1,Spiral
Cham Cham,Sweet,Veg,Cooked,1 piece,180,4,30,5,0,Syrupy
Chana Chor Garam,Snack,Veg,Cooked,1 serving,200,8,30,6,5,Pressed Gram
Chana Dal (Bengal Gram),Pulses,Veg,Raw,100g,370,20,60,5,15,Zinc
Chana Masala,Main,Veg,Cooked,1 bowl,240,10,30,9,8,Protein
Cheese (Processed),Dairy,Veg,Raw,1 slice,80,5,1,6,0,Calcium
Cheese Momos,Snack,Veg,Cooked,1 plate (6pcs),310,10,35,15,1,Gooey
Cherry,Fruits,Veg,Uncooked,100g,50,1,12,0.3,1.6,Antioxidants
Chettinad Chicken,Main Course,Non-Veg,Cooked,1 bowl (200g),380,28,8,26,2,"Peppery, Spicy"
Chhena,Dairy,Veg,Raw,100g,250,16,3,18,0,Sweet Base
Chia Seeds,Seeds,Veg,Uncooked,1 tbsp,60,2,5,4,5,Fiber
Chicken 65,Snack,Non-Veg,Cooked,1 serving,380,25,15,22,1,Spicy Fried
Chicken Biryani,Rice,Non-Veg,Cooked,1 serving,400,20,45,15,2,Protein Rich
Chicken Chettinad,Main,Non-Veg,Cooked,1 serving,320,28,10,18,3,Peppery
Chicken Clear Soup,Soup,Non-Veg,Cooked,1 bowl,90,12,4,2,0.5,"Hydration, Protein"
Chicken Curry (Home Style),Main Course,Non-Veg,Cooked,1 bowl (200g),320,25,10,20,2,"Protein, Vitamin B6"
Chicken Curry (Home),Main,Non-Veg,Cooked,1 serving,280,25,8,15,1,Standard
Chicken Do Pyaza,Main Course,Non-Veg,Cooked,1 bowl (200g),340,26,10,20,2.5,"Protein, Onions"
Chicken Fried Momos,Snack,Non-Veg,Cooked,1 plate (6pcs),420,15,35,24,1,Crispy
Chicken Fry,Snack,Non-Veg,Cooked,1 serving,350,25,10,22,0,Fried
Chicken Korma,Main,Non-Veg,Cooked,1 serving,400,26,12,25,2,Yogurt Nut
Chicken Lollipop,Snack,Non-Veg,Cooked,4 pieces,380,24,16,24,0.5,"Fried, Indo-Chinese"
Chicken Puff,Snack,Non-Veg,Cooked,1 piece,300,12,25,18,1,Bakery
Chicken Roll,Snack,Non-Veg,Cooked,1 roll,480,22,44,22,2,"Protein, Filling"
Chicken Saagwala,Main Course,Non-Veg,Cooked,1 bowl (250g),360,30,8,22,5,"Iron, Protein"
Chicken Shawarma,Snack,Non-Veg,Cooked,1 roll,450,25,35,22,2,Street Food
Chicken Steamed Momos,Snack,Non-Veg,Cooked,1 plate (6pcs),280,15,35,8,1,Protein
Chicken Stew,Main,Non-Veg,Cooked,1 serving,250,22,10,12,2,Coconut Milk
Chicken Tandoori,Main,Non-Veg,Cooked,1 leg pc,220,28,5,9,1,Roasted
Chicken Tikka,Snack,Non-Veg,Cooked,6 pieces (150g),240,32,5,9,1,"Selenium, Protein"
Chicken Tikka Masala,Main,Non-Veg,Cooked,1 serving,350,30,12,20,2,Popular
Chicken Vindaloo,Main Course,Non-Veg,Cooked,1 bowl (200g),380,25,12,24,2,"Spicy, Vinegar"
Chikki (Peanut),Sweet,Veg,Cooked,1 piece,150,4,18,8,1,Brittle
Chikoo (Sapota),Fruits,Veg,Uncooked,1 medium,83,0.4,20,1.1,5,Energy
Chilli Chicken,Snack,Non-Veg,Cooked,1 plate (200g),380,24,22,20,2,"Sodium, Protein"
Chilli Paneer,Snack,Veg,Cooked,1 serving,320,14,15,22,1,Spicy
Chings Hakka Noodles,Staples,Veg,Uncooked,100g,360,11,78,1,2,Wheat
Chings Hot & Sour Soup,Instant Food,Veg,Uncooked,15g,50,1,10,0.5,1,Sodium
Chings Manchow Soup,Instant Food,Veg,Uncooked,15g,50,1,10,0.5,1,Sodium
Chings Schezwan Chutney,Staples,Veg,Ready to Eat,20g,40,0,4,3,0,Spices
Chings Sweet Corn Soup,Instant Food,Veg,Uncooked,15g,55,1,11,0.5,1,Sodium
Chocolate Momos,Snack,Veg,Cooked,1 plate (6pcs),380,5,50,18,1,Dessert
Chole Bhature,Breakfast,Veg,Cooked,2 bhature + chole,650,18,85,28,9,"Fiber, Sodium"
Cluster Beans (Gavar),Vegetables,Veg,Raw,100g,34,3.2,7,0.4,3,Fiber
Coca Cola,Beverage,Veg,Ready to Eat,250ml,110,0,27,0,0,Sugar
Coca Cola Zero,Beverage,Veg,Ready to Eat,250ml,0,0,0,0,0,Caffeine
Coconut (Fresh Meat),Fruits,Veg,Uncooked,100g,354,3.3,15,33,9,MCTs
Coconut Chutney,Side,Veg,Uncooked,1 tbsp,45,0.5,2,4,1,Dip
Coconut Oil,Fats,Veg,Raw,1 tbsp,117,0,0,13.6,0,MCTs
Coconut Rice,Rice,Veg,Cooked,1 bowl,240,4,30,12,2,MCTs
Coconut Water,Beverage,Veg,Uncooked,1 glass,25,0.5,6,0.2,2,Electrolytes
Colocasia (Arbi),Vegetables,Veg,Raw,100g,112,2,26,0.2,4,Resistant Starch
Complan,Beverage Mix,Veg,Uncooked,20g,85,3,14,1,0,Growth
Continental Coffee,Beverage Mix,Veg,Uncooked,2g,5,0.5,1,0,0,Caffeine
Coriander Leaves,Vegetables,Veg,Uncooked,100g,23,2,3.7,0.5,2.8,Vitamin K
Corn (Sweet),Vegetables,Veg,Raw,100g,86,3.2,19,1.2,2.7,Lutein
Corn Chat,Snack,Veg,Cooked,1 cup,150,4,30,2,3,Sweet Corn
Corn Palak,Main,Veg,Cooked,1 serving,180,6,20,8,5,Spinach Corn
Corn Starch,Grains,Veg,Raw,100g,381,0.3,91,0.1,0.9,Thickener
Crab Masala,Main,Non-Veg,Cooked,1 serving,300,22,8,20,1,Exotic
Cream Bun,Snack,Veg,Cooked,1 piece,150,3,25,5,1,Sweet
Cream Cracker,Snack,Veg,Cooked,1 piece,35,0.5,5,1.5,0,Salty
Cucumber,Vegetables,Veg,Uncooked,1 medium,30,2,7,0.1,1,Hydration
Curd (Dahi),Dairy,Veg,Uncooked,100g,60,3,4,3,0,Probiotic
Curd Rice,Rice,Veg,Cooked,1 bowl,210,6,30,7,0.5,Probiotic
Curd Vada (Dahi Vada),Snack,Veg,Cooked,2 pieces,320,10,35,14,2,Yogurt Soaked
Curry Pakora,Main Course,Veg,Cooked,1 bowl (200g),320,8,28,18,3,Yogurt Base
Custard Apple (Sitaphal),Fruits,Veg,Uncooked,100g,94,2.1,23,0.3,4.4,Magnesium
Daawat Rozana Rice,Staples,Veg,Uncooked,100g,348,8,77,0.5,1,Zinc
Dabeli,Snack,Veg,Cooked,1 piece,280,6,40,12,4,Sweet Spicy
Dabur Chyawanprash,Health,Veg,Ready to Eat,15g,50,0,12,0,1,Immunity
Dabur Honey,Staples,Veg,Ready to Eat,20g,64,0,17,0,0,Sugar
Dabur Real Coconut Water,Beverage,Veg,Ready to Eat,200ml,40,0,10,0,0,Electrolytes
Dahi Puri,Snack,Veg,Uncooked,1 serving,350,7,45,16,2,Yogurt
Dairy Milk Fruit & Nut,Sweets,Veg,Ready to Eat,30g,155,3,16,9,1,Nuts
Dairy Milk Silk,Sweets,Veg,Ready to Eat,30g,160,2,18,9,0,Sugar
Dal Dhokli,Main,Veg,Cooked,1 bowl,280,8,45,8,5,Wheat Dumplings
Dal Fry,Main,Veg,Cooked,1 bowl,200,8,22,9,5,Restaurant Style
Dal Makhani,Main,Veg,Cooked,1 bowl,350,10,25,22,6,Creamy
Dal Palak,Main,Veg,Cooked,1 bowl,160,9,18,5,6,Iron
Dal Tadka,Main,Veg,Cooked,1 bowl,180,8,20,7,5,Comfort
Dalda Vanaspati,Staples,Veg,Uncooked,15g,135,0,0,15,0,Trans Fat
Dark Fantasy Choco Fills,Snacks,Veg,Ready to Eat,25g,125,1,16,6,1,Chocolate
Dates (Dry),Nuts,Veg,Uncooked,1 piece,60,0.5,15,0.1,1.5,Iron
Dates (Fresh),Fruits,Veg,Uncooked,1 piece,20,0.2,5,0.03,0.6,Iron
Davidoff Coffee,Beverage Mix,Veg,Uncooked,2g,5,0.5,1,0,0,Caffeine
Del Monte Pasta,Staples,Veg,Uncooked,100g,350,12,72,1.5,2,Durum Wheat
Dhara Mustard Oil,Staples,Veg,Uncooked,15g,135,0,0,15,0,Omega 3
Dhokla (Khaman),Snack,Veg,Cooked,1 serving,180,8,25,6,2,Steamed
Disano Pasta,Staples,Veg,Uncooked,100g,355,12,73,1.5,2,Durum Wheat
Dodha Barfi,Sweet,Veg,Cooked,2 pieces,300,5,42,12,1,Germinated Wheat
Doritos Nacho Cheese,Snacks,Veg,Ready to Eat,30g,150,2,18,8,1,Corn
Double Beans,Pulses,Veg,Raw,100g,340,21,63,1,16,Protein
Double Ka Meetha,Sweet,Veg,Cooked,1 bowl,420,6,62,18,1,Bread Pudding
Dr Oetker Pizza Sauce,Staples,Veg,Ready to Eat,30g,30,1,5,0.5,1,Tomato
Drumstick (Moringa),Vegetables,Veg,Raw,100g,64,9.4,8,1.4,2,Calcium
Drumstick Curry,Main,Veg,Cooked,1 serving,160,4,15,9,3,Moringa
Dum Aloo,Main,Veg,Cooked,1 serving,250,5,30,12,4,Rich Gravy
Egg Bhurji,Main,Non-Veg,Cooked,2 eggs,180,14,4,12,1,Scrambled
Egg Biryani,Rice,Non-Veg,Cooked,1 serving,350,14,45,12,2,Protein
Egg Curry,Main,Non-Veg,Cooked,2 eggs+gravy,220,14,8,14,1,Protein
Egg Masala,Main Course,Non-Veg,Cooked,2 eggs + gravy,280,14,10,20,1.5,"Choline, Protein"
Egg Paratha,Breads,Non-Veg,Cooked,1 piece,280,9,30,13,2,Protein
Egg Puff,Snack,Non-Veg,Cooked,1 piece,280,10,25,16,1,Bakery
Egg Roll,Snack,Non-Veg,Cooked,1 roll,350,12,35,18,2,Kolkata
Elephant Yam (Suran),Vegetables,Veg,Raw,100g,118,1.5,28,0.2,4,Carbs
Enerzal Powder,Beverage Mix,Veg,Uncooked,15g,55,0,14,0,0,Electrolytes
Ensure Powder,Health,Veg,Uncooked,30g,130,5,18,4,1,Vitamins
Epigamia Almond Milk,Beverage,Vegan,Ready to Eat,200ml,55,2,3,4,1,Almond
Epigamia Greek Yogurt,Dairy,Veg,Ready to Eat,90g,80,7,12,2,0,Protein
Fafda,Snack,Veg,Cooked,1 serving,250,6,25,15,3,Crunchy
Falooda,Sweet,Veg,Cooked,1 glass,400,6,60,14,2,Dessert Drink
Fanta,Beverage,Veg,Ready to Eat,250ml,120,0,30,0,0,Sugar
Fenugreek (Methi),Vegetables,Veg,Raw,100g,49,4.4,6,0.9,1.1,Iron
Fig (Dry),Nuts,Veg,Uncooked,1 piece,40,0.5,10,0.2,1.5,Calcium
Fig (Fresh),Fruits,Veg,Uncooked,1 medium,30,0.3,8,0.1,1.2,Calcium
Filter Coffee,Beverage,Veg,Cooked,1 cup,90,3,12,4,0,South Indian
Fish Curry (Bengali),Main Course,Non-Veg,Cooked,1 bowl (200g),290,24,8,17,1,"Omega-3, Mustard Oil"
Fish Curry (Goan),Main,Non-Veg,Cooked,1 serving,320,20,8,22,2,Coconut
Fish Curry (Rohu),Main Course,Non-Veg,Cooked,1 bowl (200g),280,22,8,18,1.5,"Omega-3, Vitamin B12"
Fish Fry,Snack,Non-Veg,Cooked,2 pieces (150g),350,28,12,20,1,"Omega-3, Protein"
Fish Fry (Rava),Snack,Non-Veg,Cooked,1 piece,250,18,10,15,1,Crispy
Fish Moilee,Main,Non-Veg,Cooked,1 serving,300,20,8,20,2,Kerala Mild
Fish Tikka,Snack,Non-Veg,Cooked,5 pieces (150g),220,28,4,10,0.5,"Protein, Low Carb"
Flax Seeds,Seeds,Veg,Uncooked,1 tbsp,55,1.9,3,4.3,2.8,Omega 3
Fortune Chakki Fresh Atta,Staples,Veg,Uncooked,100g,365,11,73,1.7,11,Fiber
Fortune Maida,Staples,Veg,Uncooked,100g,360,10,75,1,3,Refined
Fortune Poha,Staples,Veg,Uncooked,100g,350,7,77,1,1,Rice Flakes
Fortune Rice Bran Oil,Staples,Veg,Uncooked,15g,135,0,0,15,0,Oryzanol
Fortune Soya Chunks,Staples,Veg,Uncooked,100g,336,52,33,0.5,13,High Protein
Fortune Suji,Staples,Veg,Uncooked,100g,360,10,72,1,3,Semolina
Foxtail Millet (Kangni),Grains,Veg,Raw,100g,331,12,60,4,8,Nervine Tonic
French Beans,Vegetables,Veg,Raw,100g,31,1.8,7,0.2,2.7,Vitamin K
Fried Momos (Veg),Snack,Veg,Cooked,6 pieces,340,5,44,18,2.5,"Fried, High Cal"
Fried Rice (Chicken),Rice,Non-Veg,Cooked,1 bowl,320,15,35,12,2,Meal
Fried Rice (Egg),Rice,Non-Veg,Cooked,1 bowl,280,10,35,10,2,Protein
Fried Rice (Veg),Rice,Veg,Cooked,1 bowl,220,4,35,7,2,Chinese
Frooti,Beverage,Veg,Ready to Eat,200ml,130,0,32,0,0,Mango Pulp
FunFoods Veg Mayo,Staples,Veg,Ready to Eat,15g,90,0,1,10,0,Fats
Gajar Ka Halwa,Sweet,Veg,Cooked,1 bowl,350,5,50,15,3,Carrot
Galouti Kebab,Snack,Non-Veg,Cooked,2 pcs,320,18,8,24,2,Melt in Mouth
Garlic,Vegetables,Veg,Raw,1 clove,4,0.2,1,0.02,0.1,Allicin
Garlic Chutney,Side,Veg,Uncooked,1 tbsp,30,0.5,4,1.5,0.5,Spicy
Garlic Naan,Breads,Veg,Cooked,1 piece,250,6,36,9,1,Flavor
Gatorade Blue Bolt,Beverage,Veg,Ready to Eat,250ml,60,0,15,0,0,Electrolytes
Gatorade Lemon,Beverage,Veg,Ready to Eat,250ml,60,0,15,0,0,Electrolytes
Gatorade Orange,Beverage,Veg,Ready to Eat,250ml,60,0,15,0,0,Electrolytes
Gatte Ki Sabzi,Main,Veg,Cooked,1 bowl,280,8,25,16,4,Gram Flour
Gawar Phali,Side,Veg,Cooked,1 bowl (150g),160,4,14,9,5,"Fiber, Iron"
Ghee,Fats,Veg,Cooked,1 tbsp,112,0,0,13,0,Healthy Fat
Ghee Rice,Rice,Veg,Cooked,1 bowl,250,3,30,12,0.5,Rich
Ghevar,Sweet,Veg,Cooked,1 piece,400,4,50,22,1,Honeycomb
Ginger,Vegetables,Veg,Raw,1 inch,9,0.2,2,0.1,0.2,Gingerol
Glucon-D Powder,Beverage Mix,Veg,Uncooked,15g,56,0,14,0,0,Glucose
Go Cheese Cube,Dairy,Veg,Ready to Eat,25g,75,5,1,6,0,Calcium
Goan Fish Curry,Main Course,Non-Veg,Cooked,1 bowl (200g),340,22,12,24,2,"Coconut Fat, Protein"
Gobi Manchurian,Snack,Veg,Cooked,1 serving,280,4,30,16,3,Indo Chinese
Gobi Manchurian (Dry),Snack,Veg,Cooked,1 plate,280,5,38,12,3.5,Cauliflower
Gobi Paratha,Breads,Veg,Cooked,1 piece,240,5,33,10,4,Fiber
Gongura Chicken,Main Course,Non-Veg,Cooked,1 bowl (200g),340,26,6,22,3,"Sorrel Leaves, Tangy"
Gongura Mutton,Main Course,Non-Veg,Cooked,1 bowl (200g),460,28,5,36,3,"Iron, Rich"
Gowardhan Ghee,Staples,Veg,Uncooked,15g,135,0,0,15,0,Saturated Fat
Gowardhan Paneer,Dairy,Veg,Uncooked,100g,295,19,2,24,0,Protein
Grapes (Green),Fruits,Veg,Uncooked,1 cup,104,1.1,27,0.2,1.4,Resveratrol
Gravy Momos,Snack,Veg,Cooked,1 plate (6pcs),350,7,42,18,2,Saucy
Green Chilli,Vegetables,Veg,Uncooked,10g,4,0.2,0.9,0.1,0.2,Capsaicin
Green Chilli Pickle,Side,Veg,Uncooked,1 tsp,20,0,2,1.5,0,Hot
Green Peas (Dry),Pulses,Veg,Raw,100g,315,21,57,1,22,Fiber
Green Peas (Fresh),Vegetables,Veg,Raw,100g,81,5,14,0.4,5,Protein
Grilled Chicken,Main,Non-Veg,Cooked,1 breast,160,28,0,5,0,Healthy
Groundnut Oil,Fats,Veg,Raw,1 tbsp,120,0,0,14,0,Cooking
Guava,Fruits,Veg,Uncooked,1 medium,38,1.5,8,0.5,3,High Vit C
Gujarati Dal,Main,Veg,Cooked,1 bowl,160,7,25,4,4,Sweet & Sour
Gulab Jamun,Sweet,Veg,Cooked,2 pieces,300,4,40,12,0,Syrup
Hakka Noodles,Main Course,Veg,Cooked,1 plate,360,8,60,10,3,Stir Fried
Haldiram Aloo Bhujia,Snacks,Veg,Ready to Eat,30g,180,3,12,14,1,Fats
Haldiram Bhujia Sev,Snacks,Veg,Ready to Eat,30g,185,3,11,15,1,Fats
Haldiram Gulab Jamun Tin,Sweets,Veg,Ready to Eat,1pc,120,2,25,2,0,Sugar
Haldiram Khatta Meetha,Snacks,Veg,Ready to Eat,30g,160,2,18,9,1,Sugar
Haldiram Moong Dal,Snacks,Veg,Ready to Eat,30g,140,6,14,6,2,Protein
Haldiram Navratan Mix,Snacks,Veg,Ready to Eat,30g,170,4,15,11,2,Nuts
Haldiram Rasgulla,Sweets,Veg,Ready to Eat,1pc,100,2,22,1,0,Sugar
Haldiram Soan Papdi,Sweets,Veg,Ready to Eat,30g,150,2,18,8,0,Sugar
Haleem,Main,Non-Veg,Cooked,1 bowl,400,25,30,20,5,Wheat Meat
Hara Bhara Kebab,Snack,Veg,Cooked,2 pieces,180,6,15,10,4,Spinach Peas
Haryali Chicken Tikka,Snack,Non-Veg,Cooked,5 pieces,240,28,6,10,1.5,"Mint, Spinach"
Hersheys Almond Spread,Staples,Veg,Ready to Eat,15g,85,2,7,5,0,Almond
Hersheys Chocolate Syrup,Sweets,Veg,Ready to Eat,20g,55,0,13,0,0,Sugar
Hersheys Milkshake,Beverage,Veg,Ready to Eat,200ml,175,5,25,6,0,Chocolate
Hide & Seek,Snacks,Veg,Ready to Eat,25g,120,1,18,5,1,Choco Chips
Horlicks Powder,Beverage Mix,Veg,Uncooked,20g,76,2,16,0.5,0.5,Zinc
Horse Gram (Kulthi),Pulses,Veg,Raw,100g,321,22,57,0.5,22,Kidney Health
Horse Gram Curry,Main,Veg,Cooked,1 bowl,160,9,25,2,8,Weight Loss
Hot and Sour Soup,Soup,Veg,Cooked,1 bowl,130,4,20,3,2.5,"Vinegar, Chilli"
Hyderabadi Biryani (Chicken),Rice,Non-Veg,Cooked,1 serving,450,22,42,20,2,Spicy
Hyderabadi Chicken Biryani,Main Course,Non-Veg,Cooked,1 plate (400g),750,35,85,30,5,"Protein, High Calorie"
Idiyappam,Breakfast,Veg,Cooked,2 pieces,160,2,35,1,1,String Hoppers
Idli,Breakfast,Veg,Cooked,2 pieces,120,4,24,0.5,1,Steamed
Imarti,Sweet,Veg,Cooked,1 piece,250,4,45,8,1,Urad Dal
India Gate Basmati Rice,Staples,Veg,Uncooked,100g,350,8,78,0.5,1,Carbs
Jackfruit (Raw),Vegetables,Veg,Raw,100g,95,1.7,23,0.6,1.5,Meat Substitute
Jackfruit (Ripe),Fruits,Veg,Uncooked,100g,95,1.7,23,0.6,1.5,Energy
Jackfruit Curry (Kathal),Main,Veg,Cooked,1 serving,210,4,25,10,5,Meaty Texture
Jalebi,Sweet,Veg,Cooked,2 pieces,300,2,50,10,0,Fermented
Jaljeera,Beverage,Veg,Uncooked,1 glass,30,0,7,0,0,Digestion
Jamun (Black Plum),Fruits,Veg,Uncooked,100g,60,0.7,14,0.2,0.9,Diabetic Friendly
Jeera Aloo,Main,Veg,Cooked,1 serving,160,3,25,6,3,Side Dish
Jeera Rice,Rice,Veg,Cooked,1 bowl,160,3,28,4,0.5,Cumin
Jimikand (Yam) Curry,Main Course,Veg,Cooked,1 bowl (150g),260,3,45,8,4,Slow Digest Carbs
JimJam Biscuit,Snacks,Veg,Ready to Eat,25g,115,1,18,4,0,Jam
Jolada Roti,Bread,Veg,Cooked,1 piece,180,4,36,2,5,"Sorghum, GF"
Jowar (Sorghum),Grains,Veg,Raw,100g,349,10,72,1.9,9,Antioxidants
Jowar Roti,Breads,Veg,Cooked,1 piece,110,3,22,1,3,Gluten Free
Kabuli Chana (Chickpea),Pulses,Veg,Raw,100g,364,19,61,6,17,Protein
Kachnar Ki Sabzi,Side,Veg,Cooked,1 bowl (150g),180,5,18,8,6,"Traditional, Fiber"
Kachori (Khasta),Snack,Veg,Cooked,1 piece,280,5,26,18,3,Moong Dal
Kachori (Moong Dal),Snack,Veg,Cooked,1 piece (60g),220,5,26,12,2.5,"Fat, Carbs"
Kachori (Pyaz),Snack,Veg,Cooked,1 piece,290,5,28,19,3,Onion
Kadai Chicken,Main,Non-Veg,Cooked,1 serving,300,28,10,16,2,Capsicum
Kadai Paneer,Main,Veg,Cooked,1 serving,290,14,15,20,3,Spicy
Kadhi Pakora,Main,Veg,Cooked,1 bowl,250,8,20,15,2,Yogurt Base
Kahwa,Beverage,Veg,Cooked,1 cup,20,0,4,0,0,Green Tea
Kaju Katli,Sweet,Veg,Cooked,2 pieces,120,3,14,7,1,Cashew
Kala Chana (Black Chickpea),Pulses,Veg,Raw,100g,360,19,61,6,17,Iron
Kala Chana (Dry),Side,Veg,Cooked,1 bowl (150g),260,14,38,6,10,"Iron, Protein"
Kalakand,Sweet,Veg,Cooked,1 piece,150,5,18,7,0,Moist
Kanji,Beverage,Veg,Uncooked,1 glass,35,1,8,0,1,Probiotic
Karela (Bitter Gourd),Side,Veg,Cooked,1 bowl (100g),160,3,15,10,4,Blood Sugar Control
Karela Fry,Main,Veg,Cooked,1 serving,180,3,15,12,4,Bitter
Kashmiri Dum Aloo,Main,Veg,Cooked,1 serving,280,5,32,14,4,Fennel
Kashmiri Pulao,Rice,Veg,Cooked,1 bowl,250,4,40,8,2,Dry Fruits
Kathal (Jackfruit) Curry,Main Course,Veg,Cooked,1 bowl (200g),240,4,36,8,6,"Meat Texture, Fiber"
Keema Matar,Main,Non-Veg,Cooked,1 serving,350,22,10,24,3,Minced Meat
Keema Paratha (Mutton),Breads,Non-Veg,Cooked,1 piece,320,15,30,16,2,High Protein
Kelloggs Chocos Moons,Breakfast,Veg,Ready to Eat,30g,118,2,25,1,1,Sugar
Kelloggs Froot Loops,Breakfast,Veg,Ready to Eat,30g,120,2,26,1,1,Sugar
Kelloggs Granola Almonds,Breakfast,Veg,Ready to Eat,50g,220,5,35,8,3,Almonds
Kelloggs Muesli Fruit & Nut,Breakfast,Veg,Ready to Eat,50g,190,4,40,3,3,Iron
Kelloggs Oats,Staples,Veg,Uncooked,100g,380,12,66,7,9,Oats
Kerala Fish Curry,Main Course,Non-Veg,Cooked,1 bowl (200g),310,24,10,18,2,"Kodampuli, Spicy"
Keya Pasta Sauce,Staples,Veg,Ready to Eat,50g,40,1,8,0.5,1,Tomato
Khandvi,Snack,Veg,Cooked,1 serving,160,6,18,8,2,Besan Roll
Kheer (Rice),Sweet,Veg,Cooked,1 bowl (150g),280,7,42,9,0.5,"Calcium, Carbs"
Khichdi,Main Course,Veg,Cooked,1 plate (250g),320,10,55,6,4,Easy Digest Carbs
Khichdi (Plain),Rice,Veg,Cooked,1 bowl,180,7,30,3,3,Comfort
Khoa (Mawa),Dairy,Veg,Cooked,100g,320,16,20,20,0,Sweet Base
Kinder Joy,Sweets,Veg,Ready to Eat,20g,110,2,11,6,0,Toy
Kinley Soda,Beverage,Veg,Ready to Eat,200ml,0,0,0,0,0,Carbonated
Kissan Mixed Fruit Jam,Staples,Veg,Ready to Eat,20g,56,0,14,0,0,Sugar
Kissan Tomato Ketchup,Staples,Veg,Ready to Eat,15g,20,0,5,0,0,Sodium
KitKat,Sweets,Veg,Ready to Eat,20g,100,1.5,12,5,0,Wafer
Kiwi,Fruits,Veg,Uncooked,1 medium,42,0.8,10,0.4,2.1,Vit C
Knol Khol,Vegetables,Veg,Raw,100g,27,1.7,6,0.1,3.6,Vitamin C
Knorr Chicken Delite Soup,Instant Food,Non-Veg,Uncooked,15g,55,2,9,1,0,Chicken
Knorr Manchow Soup,Instant Food,Veg,Uncooked,15g,52,1,10,0.5,1,Sodium
Knorr Mixed Vegetable Soup,Instant Food,Veg,Uncooked,15g,50,1,10,0.5,1,Sodium
Knorr Soupy Noodles,Instant Food,Veg,Uncooked,70g,290,6,45,9,2,Soup
Knorr Sweet Corn Soup,Instant Food,Veg,Uncooked,15g,55,1,11,0.5,1,Sodium
Knorr Tomato Soup,Instant Food,Veg,Uncooked,15g,50,1,10,0.5,1,Sodium
Kodo Millet,Grains,Veg,Raw,100g,309,8.3,66,1.4,9,Fiber
Kokum Sherbet,Beverage,Veg,Uncooked,1 glass,80,0,20,0,0,Cooling
Kolhapuri Chicken,Main Course,Non-Veg,Cooked,1 bowl (200g),400,28,8,28,2,Very Spicy
Kolkata Biryani (Chicken),Rice,Non-Veg,Cooked,1 serving,420,18,48,16,2,Potato
Kootu (Spinach/Dal),Main Course,Veg,Cooked,1 bowl (200g),210,10,24,6,5,"Protein, Iron"
Kosha Mangsho,Main,Non-Veg,Cooked,1 serving,500,25,12,35,1,Bengali Mutton
Kotto Parotta,Breads,Veg,Cooked,1 serving,400,10,45,20,2,Minced Bread
Kulcha (Plain),Breads,Veg,Cooked,1 piece,180,5,30,4,1,Fermented
Kulfi,Dessert,Veg,Cooked,1 stick,240,6,24,14,0,Indian Ice Cream
Kulfi (Malai),Sweet,Veg,Cooked,1 stick,200,5,20,12,0,Frozen
Kurkure Green Chutney,Snacks,Veg,Ready to Eat,30g,163,2,17,10,0.5,Spices
Kurkure Masala Munch,Snacks,Veg,Ready to Eat,30g,165,2,17,10,0.5,Spices
Kurkure Puffcorn,Snacks,Veg,Ready to Eat,30g,150,1,18,9,0,Corn
Kwality Walls Cornetto,Ice Cream,Veg,Ready to Eat,60g,180,3,22,9,0,Sugar
Kwality Walls Magnum,Ice Cream,Veg,Ready to Eat,70g,240,3,24,15,0,Chocolate
Laal Maas,Main,Non-Veg,Cooked,1 serving,480,26,8,36,1,Rajasthani
Lachha Paratha,Breads,Veg,Cooked,1 piece,300,5,35,15,2,Layered
Ladyfinger (Bhindi),Vegetables,Veg,Raw,100g,33,1.9,7.5,0.2,3.2,Folate
Langar Wali Dal,Main,Veg,Cooked,1 bowl,230,9,24,10,6,Community
Lassi (Salted),Beverage,Veg,Uncooked,1 glass,120,8,8,8,0,Probiotic
Lassi (Sweet),Beverage,Veg,Uncooked,1 glass,250,8,35,10,0,Yogurt
Lauki Kofta,Main,Veg,Cooked,1 serving,220,5,18,14,3,Gourd Dumplings
Lauki Sabzi,Main,Veg,Cooked,1 serving,110,2,10,6,3,Light
Lays Classic Salted,Snacks,Veg,Ready to Eat,30g,160,2,15,10,1,Sodium
Lays Cream & Onion,Snacks,Veg,Ready to Eat,30g,162,2,16,10,1,Sodium
Lays Magic Masala,Snacks,Veg,Ready to Eat,30g,160,2,16,10,1,Sodium
Lays Tomato Tango,Snacks,Veg,Ready to Eat,30g,160,2,16,10,1,Sodium
Lemon,Vegetables,Veg,Uncooked,1 fruit,29,1.1,9,0.3,2.8,Vitamin C
Lemon Pickle,Side,Veg,Uncooked,1 tsp,15,0,2,0.5,0,Vit C
Lemon Rice,Rice,Veg,Cooked,1 bowl,180,4,32,5,1,Vitamin C
Lettuce,Vegetables,Veg,Uncooked,100g,15,1.4,2.9,0.2,1.3,Hydration
Limca,Beverage,Veg,Ready to Eat,250ml,105,0,26,0,0,Sugar
Lipton Green Tea,Beverage Mix,Veg,Uncooked,1Bag,0,0,0,0,0,Antioxidants
Litti Chokha,Snack,Veg,Cooked,2 pcs,350,12,55,10,8,Bihari
Little Millet (Kutki),Grains,Veg,Raw,100g,341,7.7,67,4.7,7.6,B Vitamins
Lobia (Black Eyed Peas),Pulses,Veg,Raw,100g,336,24,60,1.3,11,Folate
Lobia Curry (Black eyed peas),Main Course,Veg,Cooked,1 bowl (200g),290,13,42,8,9,"Folate, Iron"
Lobia Masala,Main,Veg,Cooked,1 bowl,230,10,30,7,7,Black Eyed Peas
Lotus Stem (Kamal Kakdi),Vegetables,Veg,Raw,100g,74,2.6,17,0.1,5,Fiber
Lucchi,Bread,Veg,Cooked,2 pieces,280,3,36,14,1,Maida Poori
Luchi,Breads,Veg,Cooked,1 piece,150,3,18,8,0.5,Maida Fry
Lychee,Fruits,Veg,Uncooked,100g,66,0.8,16,0.4,1.3,Vit C
Maa Ki Dal,Main,Veg,Cooked,1 bowl,250,9,25,12,6,Rich
Maaza,Beverage,Veg,Ready to Eat,200ml,120,0,30,0,0,Mango Pulp
Maggi 2-Minute Noodles,Instant Food,Veg,Uncooked,70g,300,7,42,11,2,Sodium
Maggi Chicken Noodles,Instant Food,Non-Veg,Uncooked,71g,315,8,43,12,2,Sodium
Maggi Oats Noodles,Instant Food,Veg,Uncooked,70g,290,7,42,10,3,Oats
Maggi Tomato Ketchup,Staples,Veg,Ready to Eat,15g,22,0,5.5,0,0,Sodium
Maida (Refined Flour),Grains,Veg,Raw,100g,364,10,76,1,0.3,Carbohydrates
Makhana (Roasted),Snack,Veg,Cooked,1 cup,120,4,25,1,2,Foxnut
Makki (Maize Flour),Grains,Veg,Raw,100g,365,9,74,4,7,Vitamin A
Makki Ki Roti,Breads,Veg,Cooked,1 piece,150,4,25,5,3,Corn Meal
Malabar Parotta,Breads,Veg,Cooked,1 piece,320,6,40,15,1,Maida Base
Malai (Cream),Dairy,Veg,Raw,1 tbsp,40,0.5,0.5,4,0,Fat
Malai Kofta,Main,Veg,Cooked,1 serving,380,8,30,25,3,Party Food
Malpua,Sweet,Veg,Cooked,1 piece,200,3,30,8,0,Pancake
Malvani Fish Curry,Main Course,Non-Veg,Cooked,1 bowl (200g),330,24,8,22,2,"Coconut, Spicy"
Manchow Soup,Soup,Veg,Cooked,1 bowl,140,3,22,4,2,"Spicy, Fried Noodles"
Mangalore Buns,Breakfast,Veg,Cooked,2 pieces,300,6,45,12,2,Sweet Banana
Mango (Alphonso),Fruits,Veg,Uncooked,1 medium,150,2,38,1,4,Vitamin A
Mango Lassi,Beverage,Veg,Cooked,1 glass (250ml),280,7,45,6,1,"Vitamin A, Carbs"
Mango Pickle,Side,Veg,Uncooked,1 tsp,25,0,2,2,0,Probiotic
Marie Biscuit,Snack,Veg,Cooked,1 piece,22,0.5,3.5,0.5,0,Tea Time
Masala Chai,Beverage,Veg,Cooked,1 cup,80,3,10,3,0,Spices
Masala Dosa,Breakfast,Veg,Cooked,1 medium,350,8,45,15,3,Stuffed
Masala Khichdi,Rice,Veg,Cooked,1 bowl,220,8,32,6,4,Veggies
Masala Vada,Snack,Veg,Cooked,2 pieces,300,9,28,19,4,Crunchy
Masoor Dal,Dal,Veg,Cooked,1 bowl (150g),190,11,28,4,7,"Iron, Protein"
Masoor Dal (Split),Pulses,Veg,Raw,100g,340,25,60,1,15,Iron
Masoor Dal Curry,Main,Veg,Cooked,1 bowl,140,9,20,3,5,Protein
Masoor Whole (Brown),Pulses,Veg,Raw,100g,330,24,60,1.5,18,Fiber
Matar Paneer,Main,Veg,Cooked,1 serving,280,12,15,18,3,Protein
Matar Paratha,Breads,Veg,Cooked,1 piece,240,6,34,9,4,Winter Special
Matar Pulao,Rice,Veg,Cooked,1 bowl,190,5,35,4,2,Peas
Mathri,Snack,Veg,Cooked,2 pieces,180,3,20,10,1,Tea Snack
Matka Kulfi,Dessert,Veg,Cooked,1 pot,280,7,26,16,0,Saffron Pistachio
Medu Vada,Breakfast,Veg,Cooked,2 pieces,280,8,25,18,2,Fried Lentil
Methi Malai Matar,Main,Veg,Cooked,1 serving,280,8,20,18,4,Creamy
Methi Paratha,Breads,Veg,Cooked,1 piece,220,5,28,10,3,Iron
Milk (Buffalo),Dairy,Veg,Raw,100ml,97,3.7,5,6.9,0,High Fat
Milk (Cow),Dairy,Veg,Raw,100ml,67,3.2,4.5,3.9,0,Calcium
Milk Cake,Sweet,Veg,Cooked,1 piece,160,5,20,8,0,Solid Milk
Mint Chutney,Side,Veg,Uncooked,1 tbsp,15,0.5,2,0.5,1,Dip
Mint Leaves (Pudina),Vegetables,Veg,Uncooked,100g,70,3.8,15,0.9,8,Digestion
Mirchi Bajji,Snack,Veg,Cooked,1 piece,150,3,15,10,2,Chilli
Mirchi Vada,Snack,Veg,Cooked,1 piece,220,4,28,11,2,"Spicy, Fried"
Mirinda,Beverage,Veg,Ready to Eat,250ml,120,0,30,0,0,Sugar
Misal Pav,Snack,Veg,Cooked,1 serving,400,12,50,18,8,Sprouts Spicy
Mishti Doi,Sweet,Veg,Cooked,1 bowl,220,6,30,8,0,Fermented
Missi Roti,Breads,Veg,Cooked,1 piece,140,5,20,4,3,Gram Flour
Mix Veg Curry,Main,Veg,Cooked,1 serving,200,5,22,10,5,Vitamins
Mix Veg Paratha,Breads,Veg,Cooked,1 piece,250,5,34,11,4,Vitamins
Mixed Pickle,Side,Veg,Uncooked,1 tsp,30,0,2,2.5,0,Spicy
Modak,Sweet,Veg,Cooked,2 pieces,280,3,42,10,2,Coconut Jaggery
Modak (Steamed),Sweet,Veg,Cooked,2 pieces,180,2,35,4,1,Coconut Fill
Mohun Corn Flakes,Breakfast,Veg,Ready to Eat,30g,110,2,25,0.5,1,Corn
Momos (Chicken Steamed),Snack,Non-Veg,Cooked,6 pieces,260,14,38,6,1.5,"Protein, Steamed"
Momos (Veg Steamed),Snack,Veg,Cooked,6 pieces,210,5,42,3,2.5,Steamed Carbs
Monaco Biscuit,Snacks,Veg,Ready to Eat,50g,240,4,30,11,1,Salt
Monsoon Harvest Muesli,Breakfast,Veg,Ready to Eat,50g,210,5,34,6,4,Millets
Monster Energy,Beverage,Veg,Ready to Eat,250ml,120,0,30,0,0,Caffeine
Monster Ultra White,Beverage,Veg,Ready to Eat,250ml,10,0,2,0,0,Caffeine
Mooli Paratha,Breads,Veg,Cooked,1 piece,230,5,32,10,5,Digestion
Moong Dal (Boiled),Main,Veg,Cooked,1 bowl,105,7,18,0.5,4,Light
Moong Dal (Yellow Split),Pulses,Veg,Raw,100g,348,24,60,1.2,16,Protein
Moong Dal Halwa,Sweet,Veg,Cooked,1 bowl,400,8,50,20,2,Rich
Moong Dal Tadka,Main Course,Veg,Cooked,1 bowl (150g),210,12,30,6,8,"Folate, Magnesium"
Moong Whole (Green),Pulses,Veg,Raw,100g,334,24,59,1.3,16,"Fiber, Protein"
Mor Kuzhambu,Main,Veg,Cooked,1 bowl,180,5,15,10,2,Yogurt
Moth Beans,Pulses,Veg,Raw,100g,343,23,62,1.6,15,Calcium
Mother Dairy Classic Dahi,Dairy,Veg,Ready to Eat,100g,62,3.7,4.8,3,0,Calcium
Mother Dairy Ghee,Staples,Veg,Uncooked,15g,135,0,0,15,0,Saturated Fat
Mother Dairy Lassi,Beverage,Veg,Ready to Eat,200ml,150,4,22,5,0,Calcium
Mother Dairy Paneer,Dairy,Veg,Uncooked,100g,285,18,2.5,22,0,Protein
Mother Dairy Vanilla Cup,Ice Cream,Veg,Ready to Eat,50g,100,2,12,5,0,Sugar
Motichoor Laddu,Sweet,Veg,Cooked,1 piece,200,2,25,12,1,Boondi
MTR Badam Drink Mix,Beverage Mix,Veg,Uncooked,15g,60,2,10,2,1,Almonds
MTR Gulab Jamun Mix,Instant Food,Veg,Uncooked,100g,380,10,60,10,0,Sugar
MTR Idli Mix,Instant Food,Veg,Uncooked,100g,340,10,70,1,2,Rice
MTR Poha Mix,Instant Food,Veg,Uncooked,80g,300,6,50,8,3,Iron
MTR Upma Mix,Instant Food,Veg,Uncooked,80g,320,8,48,10,3,Semolina
MTR Vermicelli,Staples,Veg,Uncooked,100g,350,10,75,1,3,Wheat
Mulberry (Shahtoot),Fruits,Veg,Uncooked,100g,43,1.4,9.8,0.4,1.7,Iron
Mulligatawny Soup,Soup,Non-Veg,Cooked,1 bowl,180,8,22,6,3,Lentil Chicken
Munch,Sweets,Veg,Ready to Eat,20g,95,1,13,4,0,Wafer
MuscleBlaze Peanut Butter,Health,Vegan,Ready to Eat,32g,200,9,7,15,2,Protein
MuscleBlaze Whey Protein,Health,Veg,Uncooked,30g,118,24,3,1,0,Protein
Mushroom (Button),Vegetables,Veg,Raw,100g,22,3.1,3.3,0.3,1,Vitamin D
Mushroom Masala,Main,Veg,Cooked,1 serving,180,8,12,10,4,Umami
Mushroom Matar,Main Course,Veg,Cooked,1 bowl (200g),180,10,14,9,5,"Vitamin D, Fiber"
Muskmelon (Kharbuja),Fruits,Veg,Uncooked,1 cup,53,1.3,13,0.3,1.2,Hydration
Mustard Oil,Fats,Veg,Raw,1 tbsp,120,0,0,14,0,Omega 3
Mutton Biryani,Rice,Non-Veg,Cooked,1 serving,500,22,45,25,2,Rich
Mutton Curry,Main,Non-Veg,Cooked,1 serving,400,25,8,28,1,Red Meat
Mutton Keema,Main Course,Non-Veg,Cooked,1 bowl (150g),380,22,6,28,1,"Protein, Fat"
Mutton Korma,Main,Non-Veg,Cooked,1 serving,500,26,12,38,1,Rich
Mutton Momos,Snack,Non-Veg,Cooked,1 plate (6pcs),320,14,32,15,1,Rich
Mutton Rogan Josh,Main,Non-Veg,Cooked,1 serving,450,25,10,32,1,Kashmiri
Mutton Stew,Main Course,Non-Veg,Cooked,1 bowl (250g),420,26,12,28,2,"Rich, Coconut"
MyFitness Peanut Butter,Health,Vegan,Ready to Eat,32g,198,10,6,16,2,Protein
Mysore Masala Dosa,Breakfast,Veg,Cooked,1 medium,380,8,48,18,3,Spicy Paste
Mysore Pak,Sweet,Veg,Cooked,1 piece,250,2,25,18,0,Ghee Bomb
Nankhatai,Snack,Veg,Cooked,1 piece,60,0.5,8,3,0,Shortbread
Natukodi Pulusu,Main Course,Non-Veg,Cooked,1 bowl (200g),300,28,6,18,1.5,Country Chicken
Navratan Korma,Main,Veg,Cooked,1 serving,320,7,28,20,4,Fruits & Nuts
Neer Dosa,Breakfast,Veg,Cooked,3 pieces,240,4,45,5,1,Rice Crepe
Nescafe Classic Coffee,Beverage Mix,Veg,Uncooked,2g,5,0.5,1,0,0,Caffeine
Nestle Slim Milk,Dairy,Veg,Ready to Eat,200ml,70,7,10,0.5,0,Low Fat
Nimbu Pani,Beverage,Veg,Uncooked,1 glass,40,0,10,0,0,Hydration
Nutella Hazelnut Spread,Staples,Veg,Ready to Eat,15g,80,1,8,4,0,Hazelnut
Nutrela Soya Chunks,Staples,Veg,Uncooked,100g,345,52,33,0.5,13,High Protein
Oats,Grains,Veg,Raw,100g,389,16,66,7,10,Soluble Fiber
Omelette (2 eggs),Breakfast,Non-Veg,Cooked,2 eggs + veggies,210,14,4,16,0.5,"Protein, Quick Meal"
Omelette (Masala),Snack,Non-Veg,Cooked,2 eggs,210,14,4,16,1,Breakfast
Onion (Red),Vegetables,Veg,Raw,1 medium,40,1.1,9,0.1,1.7,Quercetin
Onion Pakora,Snack,Veg,Cooked,1 serving,250,5,20,18,3,Fritters
Onion Uttapam,Breakfast,Veg,Cooked,1 medium,240,6,38,7,3,Topped
Open Bao (Chicken),Snack,Non-Veg,Cooked,1 piece,190,8,22,7,1,Tasty
Open Bao (Veg),Snack,Veg,Cooked,1 piece,150,4,25,4,1,Fluffy
Optimum Nutrition Whey,Health,Veg,Uncooked,30g,120,24,3,1,0,Protein
Orange,Fruits,Veg,Uncooked,1 medium,62,1.2,15,0.2,3,Vitamin C
Oreo Biscuit,Snacks,Veg,Ready to Eat,45g,220,2,32,9,1,Sugar
Organic India Green Tea,Beverage Mix,Veg,Uncooked,1Bag,0,0,0,0,0,Antioxidants
Organic Tattva Chana Dal,Staples,Veg,Uncooked,100g,370,20,60,5,10,Organic
Organic Tattva Toor Dal,Staples,Veg,Uncooked,100g,335,22,60,1.5,15,Organic
Organic Tattva Wheat Flour,Staples,Veg,Uncooked,100g,360,12,74,1.5,11,Organic
Oziva Plant Protein,Health,Vegan,Uncooked,30g,115,22,4,2,1,Pea Protein
Pakhala Bhata,Rice,Veg,Cooked,1 bowl,140,3,30,1,1,Fermented
Palak Paneer,Main,Veg,Cooked,1 serving,260,14,10,18,5,Iron
Panchmel Dal,Main,Veg,Cooked,1 bowl,220,10,25,8,6,Mixed Lentils
Paneer (Raw),Dairy,Veg,Raw,100g,265,18,1.2,20,0,Casein
Paneer Bhurji,Main,Veg,Cooked,1 serving,250,18,8,16,1,Scrambled
Paneer Butter Masala,Main,Veg,Cooked,1 serving,340,12,18,24,2,Rich
Paneer Fried Momos,Snack,Veg,Cooked,1 plate (6pcs),430,12,38,26,1,Rich
Paneer Pakora,Snack,Veg,Cooked,1 piece,180,8,10,12,0,Fried Cheese
Paneer Paratha,Breads,Veg,Cooked,1 piece,290,9,30,15,2,Protein
Paneer Roll,Snack,Veg,Cooked,1 roll,450,16,46,22,2,Veg Protein
Paneer Steamed Momos,Snack,Veg,Cooked,1 plate (6pcs),290,12,38,10,1,Calcium
Pani Puri,Snack,Veg,Cooked,6 pieces,180,4,32,6,2,"Fun, Low Cal"
Pani Puri (Gol Gappa),Snack,Veg,Cooked,6 pieces,120,2,22,4,1,Tangy Water
Paniyaram,Breakfast,Veg,Cooked,5 pieces,200,5,30,7,1,Rice Balls
Papaya,Fruits,Veg,Uncooked,1 cup,62,0.7,16,0.4,2.5,Papain
Papdi Chaat,Snack,Veg,Cooked,1 serving,320,6,40,16,3,Crispy
Paper Boat Aam Panna,Beverage,Veg,Ready to Eat,200ml,100,0,25,0,0,Spices
Paper Boat Coconut Water,Beverage,Veg,Ready to Eat,200ml,40,0,10,0,0,Electrolytes
Paper Boat Jaljeera,Beverage,Veg,Ready to Eat,200ml,40,0,10,0,0,Spices
Parle Krackjack,Snacks,Veg,Ready to Eat,30g,150,2,20,7,0,Salt
Parle-G Biscuit,Snacks,Veg,Ready to Eat,50g,230,3,38,7,1,Glucose
Parle-G Type,Snack,Veg,Cooked,1 piece,25,0.3,4,1,0,Glucose
Patanjali Corn Flakes,Breakfast,Veg,Ready to Eat,30g,110,2,25,0.5,1,Corn
Patanjali Cow Ghee,Staples,Veg,Uncooked,15g,135,0,0,15,0,Saturated Fat
Patanjali Honey,Staples,Veg,Ready to Eat,20g,64,0,17,0,0,Sugar
Patisa (Soan Papdi),Sweet,Veg,Cooked,2 pieces,280,3,38,12,1,Flaky Sweet
Pav Bhaji,Snack,Veg,Cooked,1 serving,450,10,60,20,8,Butter Veg
Paya Soup,Soup,Non-Veg,Cooked,1 bowl,240,18,8,14,0.5,"Bone Broth, Collagen"
Peach,Fruits,Veg,Uncooked,1 medium,59,1.4,14,0.4,2.3,Vit A
Peanut Chutney,Side,Veg,Uncooked,1 tbsp,60,2,3,5,1,Nutty
Peanut Masala,Snack,Veg,Uncooked,1 serving,200,9,8,15,3,Chakhna
Peanuts,Nuts,Veg,Uncooked,100g,567,26,16,49,9,Protein
Pear,Fruits,Veg,Uncooked,1 medium,101,0.6,27,0.3,5.5,Fiber
Peas Pulao,Rice,Veg,Cooked,1 plate (250g),320,8,58,7,4,"Fiber, Carbs"
Peda,Sweet,Veg,Cooked,1 piece,100,3,15,4,0,Khoya
Pepsi,Beverage,Veg,Ready to Eat,250ml,108,0,28,0,0,Sugar
Pepsi Black,Beverage,Veg,Ready to Eat,250ml,0,0,0,0,0,Caffeine
Perk,Sweets,Veg,Ready to Eat,20g,90,1,13,4,0,Wafer
Pesarattu,Breakfast,Veg,Cooked,1 medium,220,10,35,6,4,Moong Dal
Petha (Dry),Sweet,Veg,Cooked,2 pieces,120,0.5,30,0.2,1,Ash Gourd
Phirni,Sweet,Veg,Cooked,1 bowl,280,5,40,10,1,Ground Rice
Phulka/Roti,Breads,Veg,Cooked,1 piece,80,2.5,15,0.5,1.5,Whole Wheat
Pilsbury Atta,Staples,Veg,Uncooked,100g,365,11,73,1.8,10,Wheat
Pindi Chole,Main Course,Veg,Cooked,1 bowl (200g),340,14,42,12,10,"Dark, Spicy"
Pineapple,Fruits,Veg,Uncooked,1 cup,82,0.9,21,0.2,2.3,Bromelain
Pintola Peanut Butter Crunchy,Health,Vegan,Ready to Eat,32g,204,10,6,16,2,Healthy Fats
Pistachios,Nuts,Veg,Uncooked,10 pcs,40,1.5,2,3,1,Vit B6
Pithla,Main,Veg,Cooked,1 serving,180,8,15,8,4,Besan Curry
Plain Dosa,Breakfast,Veg,Cooked,1 medium,160,4,28,4,1,Crispy
Plain Naan,Breads,Veg,Cooked,1 piece,200,6,35,3,1,Soft
Plain Rice (Steamed),Rice,Veg,Cooked,1 bowl,130,2.5,28,0.3,0.4,Staple
Plain Roti (Wheat),Bread,Veg,Cooked,1 medium (40g),120,3.5,22,1.5,3,"Complex Carbs, Iron"
Plum,Fruits,Veg,Uncooked,1 medium,30,0.5,8,0.2,0.9,Antioxidants
Poha,Breakfast,Veg,Cooked,1 plate (150g),250,5,45,7,3,"Iron, Carbohydrates"
Poha (Flattened Rice),Grains,Veg,Raw,100g,346,6.6,77,1.2,0.7,Iron
Pomegranate,Fruits,Veg,Uncooked,1 medium,234,4.7,52,3.3,11,Antioxidants
Pongal (Sweet),Rice,Veg,Cooked,1 bowl,350,4,60,12,2,Jaggery
Pongal (Ven Pongal),Breakfast,Veg,Cooked,1 bowl (200g),320,10,48,11,4.5,"Comfort Carbs, Pepper"
Pongal (Ven),Rice,Veg,Cooked,1 bowl,280,8,35,12,3,Ghee
Poori,Bread,Veg,Cooked,2 pieces (60g),300,4,34,16,1.5,Fried Wheat
Poriyal (Beans),Main,Veg,Cooked,1 serving,120,3,12,6,4,South Indian
Poriyal (Beans/Carrot),Side,Veg,Cooked,1 bowl (100g),140,3,12,8,4,"Coconut, Fiber"
Pork Vindaloo,Main,Non-Veg,Cooked,1 serving,450,20,10,35,1,Goan Spicy
Potato,Vegetables,Veg,Raw,1 medium,110,3,26,0.1,2,Potassium
Prawn Biryani,Rice,Non-Veg,Cooked,1 serving,380,18,45,14,2,Seafood
Prawn Curry,Main,Non-Veg,Cooked,1 serving,280,20,8,18,1,Seafood
Prawn Fry,Snack,Non-Veg,Cooked,1 serving,220,18,5,14,0,Starter
Prawn Masala,Main Course,Non-Veg,Cooked,1 bowl (150g),280,22,8,16,1.5,"Protein, Iodine"
Pringles Original,Snacks,Veg,Ready to Eat,30g,155,1,15,10,1,Sodium
Pringles Sour Cream,Snacks,Veg,Ready to Eat,30g,155,1,15,10,1,Sodium
Proso Millet,Grains,Veg,Raw,100g,341,12,70,1,1,Protein
Protinex Powder,Health,Veg,Uncooked,30g,110,10,15,1,0,Growth
Pumpkin (Kaddu),Vegetables,Veg,Raw,100g,26,1,6.5,0.1,0.5,Vitamin A
Pumpkin Sabzi (Kaddu),Side,Veg,Cooked,1 bowl (150g),150,2,22,6,4,"Vitamin A, Potassium"
Pumpkin Seeds,Seeds,Veg,Uncooked,1 tbsp,50,3,1.5,4,0.5,Zinc
Puran Poli,Breads,Veg,Cooked,1 piece,290,6,50,8,4,Sweet Stuffed
Puran Poli (Sweet),Sweet,Veg,Cooked,1 piece,290,6,50,8,4,Lentil Sweet
Puri,Breads,Veg,Cooked,1 piece,140,3,15,8,0.5,Deep Fried
Puttu,Breakfast,Veg,Cooked,1 serving,250,5,45,6,3,Steamed Rice
Pyaz Paratha (Onion),Breads,Veg,Cooked,1 piece,240,5,34,10,3,Taste
Quaker Oats,Staples,Veg,Uncooked,100g,389,16,66,7,10,Beta-Glucan
Qubani Ka Meetha,Sweet,Veg,Cooked,1 bowl,280,2,65,1,3,Apricot Dessert
Quinoa,Grains,Veg,Raw,100g,368,14,64,6,7,Complete Protein
Rabri,Sweet,Veg,Cooked,1 bowl,350,8,30,20,0,Thick Milk
Radish (Mooli),Vegetables,Veg,Uncooked,1 medium,18,0.8,4,0.1,1.9,Vitamin C
Ragda Pattice,Snack,Veg,Cooked,1 serving,350,10,50,12,6,Peas Curry
Ragi (Finger Millet),Grains,Veg,Raw,100g,328,7,72,1.3,11,Calcium
Ragi Mudde,Main Course,Veg,Cooked,1 ball,240,6,48,2,4,"Calcium, Iron"
Ragi Roti,Breads,Veg,Cooked,1 piece,130,3,25,2,4,Calcium Rich
Raisins,Nuts,Veg,Uncooked,10 pcs,15,0.1,4,0,0.2,Energy
Rajdhani Besan,Staples,Veg,Uncooked,100g,380,21,60,6,10,Magnesium
Rajdhani Maida,Staples,Veg,Uncooked,100g,360,10,75,1,3,Refined
Rajdhani Poha,Staples,Veg,Uncooked,100g,350,7,77,1,1,Rice Flakes
Rajdhani Sooji,Staples,Veg,Uncooked,100g,360,10,72,1,3,Semolina
Rajma (Chitra),Pulses,Veg,Raw,100g,335,23,61,1,24,Potassium
Rajma (Red Kidney Beans),Pulses,Veg,Raw,100g,333,24,60,0.8,25,Potassium
Rajma Chawal,Main Course,Veg,Cooked,1 plate (350g),410,14,75,6,12,"Potassium, Magnesium"
Rajma Masala,Main,Veg,Cooked,1 bowl,260,11,32,9,9,Kidney Beans
Rasam,Main,Veg,Cooked,1 cup,40,1,8,1,1,Digestion
Rasgulla,Sweet,Veg,Cooked,2 pieces,250,6,50,1,0,Cottage Cheese
Rasmalai,Sweet,Veg,Cooked,1 piece,180,6,20,8,0,Milk
Rasna Powder,Beverage Mix,Veg,Uncooked,5g,18,0,4.5,0,0,Sugar
Rava Dosa,Breakfast,Veg,Cooked,1 medium,220,4,35,8,1,Lacy
Rava Idli,Breakfast,Veg,Cooked,2 pieces,160,5,28,4,1,Semolina
Raw Banana,Vegetables,Veg,Raw,100g,89,1.1,23,0.3,2.6,Potassium
Raw Banana Curry,Side,Veg,Cooked,1 bowl (150g),230,3,38,7,5,"Iron, Resistant Starch"
Raw Mango (Kairi),Vegetables,Veg,Uncooked,100g,60,0.8,15,0.4,1.6,Vitamin C
Raw Pressery Almond Milk,Beverage,Vegan,Ready to Eat,200ml,60,2,4,4,1,Almond
Raw Pressery Coconut Water,Beverage,Veg,Ready to Eat,200ml,38,0,9,0,0,Electrolytes
Real Fruit Juice Apple,Beverage,Veg,Ready to Eat,200ml,115,0,29,0,0,Vitamin C
Real Fruit Juice Mixed,Beverage,Veg,Ready to Eat,200ml,112,0,28,0,0,Vitamin C
Real Fruit Juice Orange,Beverage,Veg,Ready to Eat,200ml,110,0,28,0,0,Vitamin C
Red Bull,Beverage,Veg,Ready to Eat,250ml,110,0,28,0,0,Taurine
Red Bull Sugar Free,Beverage,Veg,Ready to Eat,250ml,10,0,0,0,0,Caffeine
Red Label Tea,Beverage Mix,Veg,Uncooked,2g,0,0,0,0,0,Caffeine
Red Rice,Grains,Veg,Raw,100g,355,7,75,2.5,4,Antioxidants
Reshmi Kebab,Snack,Non-Veg,Cooked,4 pieces,280,24,6,18,0.5,"Creamy, Mild"
Rice Kheer,Sweet,Veg,Cooked,1 bowl,250,6,35,9,1,Pudding
Rice Vermicelli,Grains,Veg,Raw,100g,360,6,80,0.5,1,Gluten Free
Ridge Gourd (Turai),Vegetables,Veg,Raw,100g,20,0.7,4,0.2,0.5,Fiber
Roasted Chana,Snack,Veg,Cooked,1 serving,180,10,25,3,8,Healthy
Rooh Afza,Beverage Mix,Veg,Uncooked,30ml,120,0,30,0,0,Sugar
Roohafza,Beverage,Veg,Uncooked,1 glass,140,0,35,0,0,Rose
Roomali Roti,Breads,Veg,Cooked,1 piece,190,5,36,4,1,Soft
Rumali Roti,Breads,Veg,Cooked,1 piece,180,5,35,3,1,Thin
Rusk,Snack,Veg,Cooked,1 piece,40,1,7,1,0,Toast
Sabudana (Tapioca Pearls),Grains,Veg,Raw,100g,358,0.2,87,0.2,0.9,Instant Energy
Sabudana Kheer,Sweet,Veg,Cooked,1 bowl,300,2,50,10,1,Sago
Sabudana Khichdi,Breakfast,Veg,Cooked,1 bowl (150g),380,4,65,12,2,High Carb Energy
Sabudana Vada,Snack,Veg,Cooked,2 pieces,350,3,40,20,2,Fasting
Saffola Gold Oil,Staples,Veg,Uncooked,15g,135,0,0,15,0,Muft
Saffola Honey,Staples,Veg,Ready to Eat,20g,64,0,17,0,0,Sugar
Saffola Masala Oats,Instant Food,Veg,Uncooked,40g,150,3,28,3,2,Fiber
Saffola Oats,Staples,Veg,Uncooked,100g,390,13,65,7,10,Oats
Sambar,Main,Veg,Cooked,1 bowl,120,6,15,4,4,Veggies
Samosa,Snack,Veg,Cooked,1 piece,260,4,24,17,2,Fried
Sandesh,Sweet,Veg,Cooked,2 pieces,140,6,20,4,0,Bengali
Saoji Mutton,Main Course,Non-Veg,Cooked,1 bowl (200g),480,30,6,38,1.5,Nagpur Heat
Sarson Ka Saag,Main,Veg,Cooked,1 serving,200,6,12,15,6,Mustard Greens
Sattu Drink,Beverage,Veg,Uncooked,1 glass,150,8,25,2,4,Protein
Sattu Paratha,Breads,Veg,Cooked,1 piece,270,9,35,10,5,Protein
Sattu Sharbat,Beverage,Veg,Cooked,1 glass,180,10,28,2,4,Cooling Protein
Schezwan Momos,Snack,Veg,Cooked,1 plate (6pcs),280,6,42,10,2,Spicy
Schezwan Noodles,Main Course,Veg,Cooked,1 plate,400,8,58,15,3,Spicy
Schezwan Rice,Rice,Veg,Cooked,1 bowl,240,4,38,9,2,Spicy
Schweppes Tonic Water,Beverage,Veg,Ready to Eat,200ml,70,0,18,0,0,Quinine
Seekh Kebab (Chicken),Snack,Non-Veg,Cooked,1 serving,200,22,5,10,1,Grilled
Seekh Kebab (Mutton),Snack,Non-Veg,Cooked,1 serving,280,18,5,20,1,Grilled
Semiya Upma,Breakfast,Veg,Cooked,1 bowl,210,4,34,7,1,Vermicelli
Sesame Oil,Fats,Veg,Raw,1 tbsp,120,0,0,14,0,Antioxidants
Sesame Seeds,Seeds,Veg,Uncooked,1 tbsp,52,1.6,2,4.5,1,Calcium
Set Dosa,Breakfast,Veg,Cooked,3 small pcs,300,7,50,8,2,Soft
Sev Puri,Snack,Veg,Uncooked,1 serving,300,5,40,15,3,Flat Puris
Seviyan (Vermicelli),Sweet,Veg,Cooked,1 bowl (150g),260,6,44,7,1,"Carbs, Milk"
Seviyan Kheer,Sweet,Veg,Cooked,1 bowl,220,5,32,8,1,Vermicelli
Shahi Paneer,Main,Veg,Cooked,1 serving,350,12,18,25,2,Creamy
Shahi Tukda,Sweet,Veg,Cooked,1 serving,350,6,45,18,1,Fried Bread
Shami Kebab,Snack,Non-Veg,Cooked,2 pcs,280,16,12,18,3,Lentil Meat
Sheermal,Breads,Veg,Cooked,1 piece,350,8,45,15,1,Saffron Sweet
Shimla Mirch Aloo,Side,Veg,Cooked,1 bowl (150g),210,3,26,9,4,"Vitamin C, Carbs"
Shrikhand,Sweet,Veg,Cooked,1 bowl,280,6,40,10,0,Yogurt
Sindhi Kadhi,Main,Veg,Cooked,1 bowl,180,4,25,8,4,Vegetables
Singhare Ki Sabzi,Side,Veg,Cooked,1 bowl (150g),210,3,32,8,4,Fasting Food
Sleepy Owl Cold Brew,Beverage Mix,Veg,Uncooked,1Bag,5,0,1,0,0,Caffeine
Slice,Beverage,Veg,Ready to Eat,200ml,125,0,31,0,0,Mango Pulp
Smith & Jones Pasta Masala,Instant Food,Veg,Uncooked,70g,250,8,45,2,2,Durum Wheat
Snake Gourd,Vegetables,Veg,Raw,100g,18,0.7,3.3,0.3,0.8,Cooling
Snickers,Sweets,Non-Veg,Ready to Eat,45g,220,4,27,11,1,Peanuts
Soan Papdi,Sweet,Veg,Cooked,1 piece,180,2,28,8,0,Flaky
Society Tea,Beverage Mix,Veg,Uncooked,2g,0,0,0,0,0,Caffeine
Sofit Soya Milk,Beverage,Vegan,Ready to Eat,200ml,100,6,12,3,1,Soya
Sol Kadhi,Beverage,Veg,Uncooked,1 glass,60,1,8,3,0,Kokum Coconut
Sona Masuri Rice,Grains,Veg,Raw,100g,350,7.5,77,0.5,2,Carbs
Sooji Halwa,Sweet,Veg,Cooked,1 bowl (150g),380,6,58,14,1,Quick Energy
Soulfull Ragi Bites,Breakfast,Veg,Ready to Eat,30g,115,2,24,1,2,Calcium
Soya Chunks Pulao,Rice,Veg,Cooked,1 plate (250g),360,18,55,8,6,"Protein, Carbs"
Soyabean Curry,Main Course,Veg,Cooked,1 bowl (200g),280,22,18,12,8,High Protein Veg
Soybean,Pulses,Veg,Raw,100g,446,36,30,20,9,High Protein
Soybean Curry,Main,Veg,Cooked,1 serving,240,15,15,12,6,High Protein
Spinach (Palak),Vegetables,Veg,Raw,100g,23,2.9,3.6,0.4,2.2,"Iron, Vit K"
Spring Onion,Vegetables,Veg,Uncooked,100g,32,1.8,7.3,0.2,2.6,Sulfur
Spring Roll,Snack,Veg,Cooked,2 pieces,240,4,25,14,2,Chinese
Sprite,Beverage,Veg,Ready to Eat,250ml,115,0,29,0,0,Sugar
Sprout Curry,Main,Veg,Cooked,1 bowl,150,10,20,3,6,Nutritious
Sprouts Salad,Salad,Veg,Cooked,1 bowl (100g),120,9,22,1,6,"Vitamin C, Fiber"
Staeta Soya Milk,Beverage,Vegan,Ready to Eat,200ml,105,7,11,3,1,Soya
Star Fruit,Fruits,Veg,Uncooked,100g,31,1,6.7,0.3,2.8,Vit C
Sting Energy Drink,Beverage,Veg,Ready to Eat,250ml,70,0,18,0,0,Caffeine
Strawberry,Fruits,Veg,Uncooked,100g,32,0.7,7.7,0.3,2,Vit C
Sugar Paratha (Cheeni),Breads,Veg,Cooked,1 piece,280,4,45,9,1,Quick Energy
Sugarcane Juice,Beverage,Veg,Uncooked,1 glass,180,0,45,0,0,Energy
Suji (Semolina),Grains,Veg,Raw,100g,360,10,73,1,3,Energy
Suji Halwa (Sheera),Sweet,Veg,Cooked,1 bowl,300,4,45,12,1,Semolina
Sundrop Oil,Staples,Veg,Uncooked,15g,135,0,0,15,0,Vitamin E
Sunfeast Dark Fantasy,Snacks,Veg,Ready to Eat,25g,125,1,16,6,1,Choco
Sunfeast Dark Fantasy Milkshake,Beverage,Veg,Ready to Eat,200ml,180,6,26,7,0,Chocolate
Sunfeast Mom's Magic,Snacks,Veg,Ready to Eat,50g,240,3,32,11,1,Cashew
Sunfeast Yippee Mood Masala,Instant Food,Veg,Uncooked,60g,285,6,41,10,2,Spices
Sunflower Seeds,Seeds,Veg,Uncooked,1 tbsp,50,2,2,4.5,1,Vit E
Sweet Corn Soup,Soup,Veg,Cooked,1 bowl,120,3,24,1,2,Light Starter
Sweet Potato,Vegetables,Veg,Raw,100g,86,1.6,20,0.1,3,Vitamin A
Taj Mahal Tea,Beverage Mix,Veg,Uncooked,2g,0,0,0,0,0,Caffeine
Tamarind Chutney,Side,Veg,Cooked,1 tbsp,40,0,10,0,0,Sweet Sour
Tamarind Rice,Rice,Veg,Cooked,1 plate (200g),330,6,56,11,3,"Iron, Tangy Taste"
Tamarind Rice (Puliyogare),Rice,Veg,Cooked,1 bowl,200,4,35,6,2,Tangy
Tandoori Chicken,Main Course,Non-Veg,Cooked,1 leg piece (100g),260,30.5,4.2,13,1.2,"Vitamin B6, Selenium"
Tandoori Momos (Chicken),Snack,Non-Veg,Cooked,1 plate (6pcs),380,18,30,20,1,Spicy
Tandoori Momos (Veg),Snack,Veg,Cooked,1 plate (6pcs),320,8,35,16,2,Smoky
Tandoori Roti,Breads,Veg,Cooked,1 piece,110,3,22,0.5,2,Clay Oven
Tang Lemon,Beverage Mix,Veg,Uncooked,20g,75,0,18,0,0,Vitamin C
Tang Orange,Beverage Mix,Veg,Uncooked,20g,75,0,18,0,0,Vitamin C
Tangdi Kebab,Snack,Non-Veg,Cooked,2 legs,340,32,2,22,0.5,Chicken Legs
Tata Coffee Grand,Beverage Mix,Veg,Uncooked,2g,5,0.5,1,0,0,Caffeine
Tata Sampann Chana Dal,Staples,Veg,Uncooked,100g,370,20,60,5,10,Protein
Tata Sampann Kabuli Chana,Staples,Veg,Uncooked,100g,360,20,60,5,12,Protein
Tata Sampann Masoor Dal,Staples,Veg,Uncooked,100g,345,25,59,1,8,Protein
Tata Sampann Moong Dal,Staples,Veg,Uncooked,100g,348,24,60,1.2,8,Potassium
Tata Sampann Poha,Staples,Veg,Uncooked,100g,350,7,77,1,1,Rice Flakes
Tata Sampann Rajma,Staples,Veg,Uncooked,100g,340,22,60,1.5,15,Protein
Tata Sampann Toor Dal,Staples,Veg,Uncooked,100g,335,22,60,1.5,15,Protein
Tata Sampann Urad Dal,Staples,Veg,Uncooked,100g,350,24,60,1.5,10,Protein
Tata Tea Gold,Beverage Mix,Veg,Uncooked,2g,0,0,0,0,0,Caffeine
Tawa Paratha (Plain),Breads,Veg,Cooked,1 piece,180,3,22,9,2,Energy
Tawa Pulao,Rice,Veg,Cooked,1 bowl,220,4,35,8,3,Spicy
Tetley Green Tea,Beverage Mix,Veg,Uncooked,1Bag,0,0,0,0,0,Antioxidants
Thalipeeth,Breads,Veg,Cooked,1 piece,200,6,28,8,4,Multigrain
Thandai,Beverage,Veg,Uncooked,1 glass,280,6,35,12,2,Festive
Thekua,Sweet,Veg,Cooked,1 piece,180,2,28,8,1,Wheat Cookie
Thepla (Methi),Breads,Veg,Cooked,1 piece,160,4,20,8,2,Travel Food
Thukpa (Veg),Snack,Veg,Cooked,1 bowl,220,8,35,6,4,Noodle Soup
Thums Up,Beverage,Veg,Ready to Eat,250ml,100,0,25,0,0,Sugar
Til Laddu,Sweet,Veg,Cooked,1 piece,160,4,15,10,2,Sesame
Tinda Masala,Side,Veg,Cooked,1 bowl (150g),140,3,12,8,4,"Light, Water Content"
Tindora Fry,Main,Veg,Cooked,1 serving,160,2,14,10,3,Ivy Gourd
Toddy (Palm Wine),Beverage,Veg,Uncooked,1 glass,110,1,15,0,0,Fermented
Tomato,Vegetables,Veg,Uncooked,1 medium,22,1,4.8,0.2,1.5,Lycopene
Tomato Chutney,Side,Veg,Cooked,1 tbsp,25,0.5,4,1,0.5,Tangy
Tomato Rice,Rice,Veg,Cooked,1 bowl,190,3,33,5,1.5,Lycopene
Tomato Soup,Soup,Veg,Cooked,1 bowl,110,2,18,3,1.5,Lycopene
Too Yumm Fox Nuts,Snacks,Veg,Ready to Eat,30g,130,3,18,5,2,Makhana
Too Yumm Veggie Sticks,Snacks,Veg,Ready to Eat,30g,140,2,20,5,2,Baked
Toor Dal (Pigeon Pea),Pulses,Veg,Raw,100g,343,22,63,1.5,15,Protein
Top Ramen Atta Noodles,Instant Food,Veg,Uncooked,70g,280,8,40,10,4,Wheat
Top Ramen Curry,Instant Food,Veg,Uncooked,70g,310,7,43,12,2,Wheat
Torai (Ridge Gourd),Side,Veg,Cooked,1 bowl (150g),120,2,10,7,3.5,"Easy Digest, Zinc"
Tropicana Delight Apple,Beverage,Veg,Ready to Eat,200ml,105,0,26,0,0,Vitamin C
Tropicana Delight Orange,Beverage,Veg,Ready to Eat,200ml,100,0,25,0,0,Vitamin C
True Elements Muesli,Breakfast,Veg,Ready to Eat,50g,200,6,35,5,4,Cranberry
True Elements Oatmeal,Breakfast,Veg,Uncooked,50g,190,6,32,5,5,Seeds
Turmeric Milk,Beverage,Veg,Cooked,1 cup,140,7,12,6,0,Immunity
Turnip (Shalgam),Vegetables,Veg,Raw,100g,28,0.9,6.4,0.1,1.8,Vitamin C
Twinings Earl Grey,Beverage Mix,Veg,Uncooked,1Bag,0,0,0,0,0,Bergamot
Typhoo Green Tea,Beverage Mix,Veg,Uncooked,1Bag,0,0,0,0,0,Antioxidants
Undhiyu,Main,Veg,Cooked,1 serving,350,8,35,20,7,Gujarati Special
Upma,Breakfast,Veg,Cooked,1 bowl,220,5,35,7,2,Semolina
Urad Dal (Kali Dal),Dal,Veg,Cooked,1 bowl (150g),260,13,32,9,8,"Fiber, Magnesium"
Urad Dal (White Split),Pulses,Veg,Raw,100g,350,24,59,1.4,12,Protein
Urad Whole (Black),Pulses,Veg,Raw,100g,341,25,59,1.6,18,Magnesium
Urban Platter Oat Milk,Beverage,Vegan,Ready to Eat,200ml,90,2,14,3,2,Oats
Uttapam (Plain),Breakfast,Veg,Cooked,1 medium,200,5,35,5,2,Thick Pancake
Uttapam (Veg),Breakfast,Veg,Cooked,1 medium,260,7,42,8,4,"Fermented, Veggies"
Vada Pav,Snack,Veg,Cooked,1 piece,300,8,40,12,4,Mumbai Burger
Vadilal Cone,Ice Cream,Veg,Ready to Eat,60g,170,3,20,9,0,Sugar
Val Dal (Field Beans),Pulses,Veg,Raw,100g,345,23,60,1.5,17,Iron
Vangi Bath,Rice,Veg,Cooked,1 bowl,250,4,40,9,3,Brinjal
Veeba Chipotle Dressing,Staples,Veg,Ready to Eat,15g,50,0,4,4,0,Spices
Veeba Pasta Sauce,Staples,Veg,Ready to Eat,50g,45,1,9,1,1,Tomato
Veeba Tandoori Mayo,Staples,Veg,Ready to Eat,15g,70,0,2,7,0,Fats
Veg Biryani,Rice,Veg,Cooked,1 serving,300,6,45,10,3,Spices
Veg Cutlet,Snack,Veg,Cooked,2 pieces,220,5,25,12,3,Railways
Veg Fried Momos,Snack,Veg,Cooked,1 plate (6pcs),350,6,40,18,2,Fried
Veg Kolhapuri,Main,Veg,Cooked,1 serving,260,6,22,16,5,Very Spicy
Veg Manchurian (Gravy),Main Course,Veg,Cooked,1 bowl (200g),320,6,42,14,4,Indo-Chinese
Veg Noodles (Chowmein),Snack,Veg,Cooked,1 plate (250g),380,9,62,12,4,"Carbs, Oil"
Veg Puff,Snack,Veg,Cooked,1 piece,250,4,25,15,2,Flaky
Veg Pulao,Rice,Veg,Cooked,1 plate (250g),340,7,60,8,3.5,"Carbs, Vitamins"
Veg Roll (Frankie),Snack,Veg,Cooked,1 roll,300,8,40,12,3,Wrap
Veg Steamed Momos,Snack,Veg,Cooked,1 plate (6pcs),210,6,40,2,2,Steam
Vermicelli (Semolina),Grains,Veg,Raw,100g,350,10,74,1,2,Carbs
Wagh Bakri Tea,Beverage Mix,Veg,Uncooked,2g,0,0,0,0,0,Caffeine
Walnuts,Nuts,Veg,Uncooked,2 whole,50,2,2,5,1,Omega 3
Watermelon,Fruits,Veg,Uncooked,1 cup,46,0.9,11,0.2,0.6,Lycopene
Watermelon Seeds,Seeds,Veg,Uncooked,1 tbsp,45,2.5,1,4,0.5,Magnesium
Wheat Flour (Atta),Grains,Veg,Raw,100g,364,10.3,76,1,2.7,"B Vitamins, Iron"
Wheat Momos (Veg),Snack,Veg,Cooked,1 plate (6pcs),200,7,38,2,4,Healthier
White Peas (Matar),Pulses,Veg,Raw,100g,340,20,60,1.5,18,Street Food Base
White Peas (Matra),Side,Veg,Cooked,1 bowl (150g),240,12,40,5,9,Kulcha Side
Wood Apple (Bael),Fruits,Veg,Uncooked,100g,134,1.8,31,0.3,2.9,Gut Health
Yakult,Dairy,Veg,Ready to Eat,65ml,50,0.8,11,0,0,Probiotics
Yippee Magic Masala,Instant Food,Veg,Uncooked,60g,280,6,40,10,2,Calcium
Yoga Bar Dark Chocolate Oats,Breakfast,Veg,Uncooked,50g,210,6,35,5,4,Fiber
Yoga Bar Muesli Fruits,Breakfast,Veg,Ready to Eat,50g,200,5,36,4,4,Seeds
Zucchini,Vegetables,Veg,Raw,100g,17,1.2,3.1,0.3,1,Low Cal
Harvest Gold Multigrain Bread,Bakery,Veg,Solid,2 slices (50g),135,5,24,1.8,3.5,B Vitamins & Iron
Harvest Gold White Bread,Bakery,Veg,Solid,2 slices (50g),120,3.8,25,1,1.2,Carbohydrates
Lays Magic Masala Chips,Snacks,Veg,Solid,30g,163,2.1,15.6,10.2,1,Sodium
Amul Pasteurised Butter,Dairy,Veg,Solid,10g,72,0.1,0,8.1,0,Vitamin A
Amul Paneer (Fresh),Dairy,Veg,Solid,100g,289,20,2,22,0,Calcium & Protein
Maggi Masala Noodles,Instant Food,Veg,Solid,70g (1 pack),310,8,46,11,2,Iron
Mother Dairy Full Cream Milk,Dairy,Veg,Liquid,250ml,150,8,12,8.5,0,Calcium & B12
Parle-G Biscuits,Biscuits,Veg,Solid,4 biscuits (20g),90,1.2,16,2.5,0.2,Glucose & Wheat
Haldiram's Bhujia Sev,Snacks,Veg,Solid,30g,175,4,10,13,1.5,Protein & Fats
Patanjali Peanut Butter,Spreads,Veg,Semi-Solid,32g (2 tbsp),190,8,6,16,2,Protein & Healthy Fats
Tata Salt (Lite),Seasoning,Veg,Solid,1g,0,0,0,0,0,Sodium & Potassium
MTR Ready-to-Eat Paneer Butter Masala,Meal,Veg,Semi-Solid,150g,240,9,12,17,1.5,Protein
Amul Mithai Mate (Condensed Milk),Dairy,Veg,Liquid,100g,335,8,55.5,9,0,Sugar & Calcium
